date,pool_n,pass_rate
2013-06-28,302,0.6556
2013-07-31,268,0.6381
2013-08-30,231,0.645
2013-09-30,207,0.6473
2013-10-31,238,0.6597
2013-11-29,200,0.615
2013-12-31,231,0.6277
2014-01-30,235,0.6255
2014-02-28,232,0.6078
2014-03-31,227,0.5991
2014-04-30,210,0.5571
2014-05-30,178,0.5225
2014-06-30,149,0.5235
2014-07-31,116,0.4569
2014-08-29,92,0.4565
2014-09-30,70,0.4143
2014-10-31,59,0.5424
2014-11-28,44,0.5
2014-12-31,36,0.3611
2015-01-30,43,0.3953
2015-02-27,31,0.3871
2015-03-31,15,0.1333
2015-04-30,9,0.1111
2015-05-29,3,0.3333
2015-06-30,3,0.3333
2015-07-31,11,0.0909
2015-08-31,14,0.2857
2015-09-30,27,0.3333
2015-10-30,22,0.4091
2015-11-30,21,0.3333
2015-12-31,18,0.3333
2016-01-29,55,0.4727
2016-02-29,58,0.5
2016-03-31,33,0.5455
2016-04-29,35,0.4571
2016-05-31,49,0.4898
2016-06-30,49,0.5306
2016-07-29,43,0.4651
2016-08-31,35,0.4286
2016-09-30,40,0.5
2016-10-31,37,0.4865
2016-11-30,27,0.4815
2016-12-30,39,0.5128
2017-01-26,34,0.5294
2017-02-28,34,0.4706
2017-03-31,39,0.5128
2017-04-28,47,0.5319
2017-05-31,62,0.4355
2017-06-30,52,0.4808
2017-07-31,60,0.45
2017-08-31,50,0.46
2017-09-29,55,0.4545
2017-10-31,58,0.4828
2017-11-30,79,0.4684
2017-12-29,78,0.5
2018-01-31,81,0.4691
2018-02-28,105,0.4952
2018-03-30,107,0.5047
2018-04-27,124,0.5242
2018-05-31,145,0.4759
2018-06-29,219,0.4749
2018-07-31,222,0.4685
2018-08-31,273,0.4945
2018-09-28,267,0.5019
2018-10-31,335,0.5134
2018-11-30,311,0.5209
2018-12-28,344,0.5058
2019-01-31,348,0.5
2019-02-28,230,0.4652
2019-03-29,174,0.523
2019-04-30,195,0.4769
2019-05-31,232,0.4828
2019-06-28,244,0.4959
2019-07-31,253,0.5336
2019-08-30,265,0.5509
2019-09-30,275,0.5418
2019-10-31,273,0.5311
2019-11-29,268,0.556
2019-12-31,255,0.5451
2020-01-23,261,0.5249
2020-02-28,266,0.5451
2020-03-31,281,0.5374
2020-04-30,280,0.5464
2020-05-29,270,0.5259
2020-06-30,257,0.5447
2020-07-31,207,0.5169
2020-08-31,207,0.5121
2020-09-30,256,0.4883
2020-10-30,251,0.506
2020-11-30,219,0.4795
2020-12-31,230,0.5
2021-01-29,261,0.4751
2021-02-26,258,0.469
2021-03-31,241,0.473
2021-04-30,252,0.4603
2021-05-31,224,0.4732
2021-06-30,249,0.4739
2021-07-30,263,0.4677
2021-08-31,246,0.4268
2021-09-30,240,0.4333
2021-10-29,256,0.4414
2021-11-30,240,0.4625
2021-12-31,219,0.4521
2022-01-28,247,0.4453
2022-02-28,228,0.4605
2022-03-31,227,0.4537
2022-04-29,285,0.4737
2022-05-31,239,0.4268
2022-06-30,234,0.406
2022-07-29,211,0.4218
2022-08-31,186,0.4462
2022-09-30,230,0.4261
2022-10-31,231,0.4675
2022-11-30,204,0.4265
2022-12-30,220,0.4545
2023-01-31,202,0.4208
2023-02-28,189,0.4233
2023-03-31,195,0.4462
2023-04-28,214,0.4346
2023-05-31,200,0.455
2023-06-30,191,0.4293
2023-07-31,188,0.4096
2023-08-31,223,0.4305
2023-09-28,211,0.4218
2023-10-31,211,0.4123
2023-11-30,200,0.42
2023-12-29,201,0.4179
2024-01-31,254,0.4409
2024-02-29,241,0.4357
2024-03-29,224,0.4241
2024-04-30,228,0.3596
2024-05-31,230,0.387
2024-06-28,293,0.4471
2024-07-31,291,0.4399
2024-08-30,298,0.4463
2024-09-30,228,0.3289
2024-10-31,216,0.3148
2024-11-29,212,0.3255
2024-12-31,209,0.3062
2025-01-27,224,0.3348
2025-02-28,211,0.3128
2025-03-31,213,0.3521
2025-04-30,212,0.3821
2025-05-30,211,0.3507
2025-06-30,195,0.359
2025-07-31,172,0.3837
2025-08-29,166,0.3735
2025-09-30,165,0.3758
2025-10-31,160,0.3562
2025-11-28,173,0.3353
2025-12-31,161,0.354
2026-01-30,141,0.3262
2026-02-27,138,0.2826
2026-03-31,170,0.3412
2026-04-30,151,0.2848
2026-05-29,166,0.3735
2026-06-30,221,0.3575
2026-07-31,222,0.3423
2026-08-31,182,0.3571
2026-09-24,198,0.3788
